Line number,From node #,To node #,Value
1,1,2,0.101357
2,2,10,0.165293
3,2,5,0.235819
4,5,10,0.054339
5,4,5,0.009259
6,3,4,0.290688
7,5,6,0.246216
8,2,8,0.026153
9,8,11,0.240561
10,11,6,0.086031
11,6,9,0.244408
12,6,15,0.0520367
13,6,13,0.394319
14,12,13,0.0371843
15,12,15,0.34106
16,7,15,0.010672
17,7,14,0.310077
18,7,17,0.242775
19,16,17,0.222027
20,16,18,0.125451
21,18,23,0.112179
22,16,20,0.005803
23,16,19,0.030972
24,19,21,0.329581
25,20,22,0.175979
