Line number,From node #,To node #,Value
1,1,2,0.301357
2,2,10,0.865293
3,2,5,0.635819
4,5,10,0.754339
5,4,5,0.309259
6,3,4,0.490688
7,5,6,0.446216
8,2,8,0.426153
9,8,11,0.940561
10,11,6,0.786031
11,6,9,0.444408
12,6,15,0.2520367
13,6,13,0.994319
14,12,13,0.2371843
15,12,15,0.94106
16,7,15,0.210672
17,7,14,0.810077
18,7,17,0.942775
19,16,17,0.822027
20,16,18,0.425451
21,18,23,0.312179
22,16,20,0.205803
23,16,19,0.330972
24,19,21,0.929581
25,20,22,0.6875979
