Line number,From node #,To node #,Value
1,1,2,0.101357
2,2,10,0.365293
3,2,5,0.435819
4,5,10,0.254339
5,4,5,0.109259
6,3,4,0.490688
7,5,6,0.446216
8,2,8,0.226153
9,8,11,0.440561
10,11,6,0.286031
11,6,9,0.444408
12,6,15,0.0520367
13,6,13,0.994319
14,12,13,0.0371843
15,12,15,0.94106
16,7,15,0.010672
17,7,14,0.810077
18,7,17,0.942775
19,16,17,0.822027
20,16,18,0.425451
21,18,23,0.312179
22,16,20,0.205803
23,16,19,0.130972
24,19,21,0.829581
25,20,22,0.675979